{
  "intents": [
    {
      "tag": "greeting",
      "patterns": [
        "Hi",
        "Hey",
        "How are you",
        "Is anyone there?",
        "Hello",
        "Good day"
      ],
      "responses": [
        "Hey :-)",
        "Hello, thanks for visiting",
        "Hi there, what can I do for you?",
        "Hi there, how can I help?"
      ]
    },
    {
      "tag": "name",
      "patterns": [ "What is your name ?"],
      "responses": [
        "My name is 'Luna'"
      ]
    },
    {
      "tag": "self",
      "patterns": [ "Tell about your self", "See you later", "Goodbye"],
      "responses": [
        "My self Luna. I'm your personal assistant."
      ]
    },
    {
      "tag": "creator",
      "patterns": [ "Who is created you ?", "your creator name ?"],
      "responses": [
        "Hemanth Prasath is my creator."
      ]
    },
    {
      "tag": "functions",
      "patterns": ["what function can you do ?", "what can you do ?", "your able functions"],
      "responses": [
        
        "Open Camera , Open browser , Open mail , Get result From Google (or) Wikipedia and more..,"
      ]
    },
    {
      "tag": "goodbye",
      "patterns": ["Bye", "See you later", "Goodbye"],
      "responses": [
        "See you later, thanks for visiting",
        "Have a nice day",
        "Bye! Come back again soon."
      ]
    },
    {
      "tag": "thanks",
      "patterns": ["Thanks", "Thank you", "That's helpful", "Thank's a lot!"],
      "responses": ["Happy to help!", "Any time!", "My pleasure"]
    },
    {
      "tag": "open_chrome",
      "patterns": [
        "hey open chrome", "open chrome",
        "chrome"
      ],
      "responses": [
        "Sure..!"
      ]
    },
    {
      "tag": "open_camera",
      "patterns": [
        "hey open camera", "open camera",
        "camera"
      ],
      "responses": [
        "Sure..!"
      ]
    },
    {
      "tag": "open_mail",
      "patterns": [
        "hey open mail", "open mail",
        "mail"
      ],
      "responses": [
        "Sure..!"
      ]
    }
   
    
  ]
}
